,SA,"2-甲基乙酰
乙酸乙酯",PG,ZA,IAA,辛伐他汀,非诺贝特,尿囊素,草酸铵,新利司他,评价值
0,0.03,0.01,2.16,0.06,1.22,0.0,0.01,111.67,0.0,0.45,11.035214639028798
1,0.13,0.02,0.0,3.26,0.23,0.0,0.01,0.0,0.0,3.95,10.5386351220272
2,63.08,0.03,0.26,0.09,0.17,0.01,0.76,263.05,0.0,19.65,9.329775144215604
3,0.02,56.15,5.8,6.84,0.27,0.0,0.02,0.3,0.0,0.26,9.306945147637988
4,0.01,0.0,3.18,5.95,96.85,0.28,0.0,0.0,0.0,0.08,9.305083811462142
5,1.58,0.01,0.01,0.0,0.04,0.01,0.02,0.02,0.57,0.35,9.293361511977116
6,1.75,367.35,0.55,0.02,0.0,0.11,0.01,2.05,0.0,0.04,9.281725217430777
7,0.06,0.0,0.79,0.0,0.06,0.01,114.48,0.56,0.0,0.03,9.234472122578739
8,0.04,0.52,46.43,0.01,14.71,0.03,0.24,7.3,0.0,0.01,9.167435804690994
9,0.01,23.92,0.0,13.32,0.09,0.01,7.22,1.71,0.0,1.79,9.14306401988353
10,0.0,2.14,0.04,0.02,0.04,0.82,0.01,0.01,2.88,0.0,9.029086249412043
11,0.01,0.03,2.47,0.13,1.12,0.41,62.32,25.25,0.0,0.17,8.952935788261366
12,8.68,0.0,0.04,0.53,1.23,0.1,0.02,0.0,2.02,9.92,8.919426644655845
13,1.4,0.02,0.05,0.0,0.0,0.0,17.57,0.45,0.01,7.08,8.886763195220992
14,0.0,0.01,13.44,0.99,0.05,8.13,24.72,0.1,0.0,0.05,8.87106249100484
15,397.27,0.02,0.01,0.0,2.7,0.04,0.75,0.06,0.0,0.1,8.865772469793287
16,0.15,0.18,0.07,0.02,0.98,0.0,0.01,14.66,0.52,2.31,8.86304954647465
17,1.76,0.0,0.02,0.42,0.01,2.73,0.05,0.06,0.28,0.02,8.854687532665622
18,20.21,0.05,9.61,1.84,0.04,0.1,0.01,0.02,0.01,0.01,8.822948815063318
19,34.32,0.01,0.0,0.1,0.03,0.0,0.1,37.08,0.42,0.02,8.782015554144095
